footfall,tempMode,AQ,USS,CS,VOC,RP,IP,Temperature,fail,sleep_duration,battery_level,degradation_rate
0,7,7,1,6,6,36,3,1,1,1,58,0.093822808
190,1,3,3,5,1,20,4,1,0,29,50,0.054434856
31,7,2,2,6,1,24,6,1,0,19,68,0.034092932
83,4,3,4,5,1,28,6,1,0,5,50,0.031233205
640,7,5,6,4,0,68,6,1,0,6,65,0.035713415
110,3,3,4,6,1,21,4,1,0,12,88,0.019849387
100,7,5,6,4,1,77,4,1,0,10,89,0.026423491
31,1,5,4,5,4,21,4,1,0,9,51,0.054898028
180,7,4,6,3,3,31,4,1,0,11,78,0.093731371
2800,0,3,3,7,0,39,3,1,0,30,52,0.063209951
1600,0,3,2,4,4,26,2,1,0,25,96,0.046941285
330,5,4,3,6,1,31,4,1,0,30,66,0.090491181
190,2,5,4,6,5,22,4,1,1,0,65,0.019950234
100,7,4,4,6,0,42,5,1,0,10,59,0.065754294
1000,7,5,7,4,0,74,1,1,0,13,51,0.024360063
0,7,6,7,5,0,62,3,1,0,0,92,0.089599692
130,7,4,4,5,1,58,3,1,0,12,53,0.083816401
5,5,3,3,6,1,24,6,1,0,19,59,0.080042551
33,7,6,2,6,5,51,4,1,1,5,51,0.041698057
19,2,2,1,4,0,36,3,2,0,24,86,0.075099592
74,7,4,4,7,2,88,2,2,0,5,82,0.081163814
190,0,2,4,6,2,20,4,2,0,8,54,0.053190525
12,3,4,6,3,2,27,3,2,0,9,63,0.048974761
0,7,6,1,6,6,44,4,2,1,4,61,0.035220787
19,0,4,2,2,1,45,3,2,0,26,96,0.011829515
0,2,4,3,6,1,21,4,2,0,28,53,0.021523541
390,5,3,4,7,1,40,5,2,0,5,59,0.049874526
40,7,4,3,4,0,40,6,2,0,16,99,0.085811077
3,3,5,5,4,1,48,3,2,0,13,84,0.015511187
450,3,4,7,1,0,34,3,2,0,13,53,0.041329121
350,0,3,4,7,2,26,2,2,0,12,71,0.038221643
64,3,4,4,2,1,60,2,3,0,15,78,0.020137495
3,0,4,4,3,0,32,3,3,0,11,84,0.060446619
0,1,4,3,7,1,31,3,3,0,28,86,0.090964204
640,7,7,5,7,4,33,3,3,1,4,50,0.088592961
0,7,3,4,6,0,57,3,3,0,8,88,0.054224968
12,7,4,3,6,1,84,3,3,0,17,74,0.087551494
62,6,7,2,7,5,75,3,3,1,4,81,0.050277826
31,2,7,2,6,6,19,4,3,1,1,54,0.06603066
0,1,3,2,6,1,47,6,3,0,26,61,0.039731417
180,6,5,5,5,0,51,2,3,0,5,53,0.024808008
640,3,6,4,4,5,40,3,3,0,2,80,0.084760326
110,0,2,3,6,1,22,6,3,0,28,57,0.076965016
100,1,7,7,5,6,35,2,3,0,1,64,0.088633971
100,7,4,4,7,2,43,5,3,0,14,73,0.082195986
11,3,6,6,3,2,76,6,3,0,2,89,0.045708034
0,7,4,3,1,6,45,3,3,1,3,83,0.029218944
4,7,4,6,6,0,88,2,3,0,8,51,0.066499618
35,6,4,4,2,1,46,3,4,0,5,72,0.032251389
0,1,3,4,5,2,22,6,4,0,5,77,0.059409582
0,7,5,1,6,5,68,3,4,1,3,93,0.089580558
0,2,5,2,6,5,38,3,4,1,5,96,0.088636437
33,7,4,3,6,3,69,2,4,0,19,85,0.085021308
270,2,5,4,3,0,67,3,4,0,7,77,0.020264283
45,7,2,4,6,0,88,4,4,0,5,84,0.037609527
40,3,6,2,5,5,68,3,4,1,4,69,0.062182102
6,1,5,2,4,2,76,3,4,1,0,75,0.060098121
2,7,4,4,6,0,72,2,4,0,9,83,0.029282612
0,0,6,2,6,6,37,6,4,1,5,79,0.097984182
35,3,4,2,6,0,69,3,4,0,29,93,0.091351841
83,0,2,4,6,0,33,6,4,0,15,96,0.093534355
3500,7,2,2,6,0,34,4,4,0,28,74,0.021776373
100,2,4,4,7,2,30,3,4,0,14,62,0.029362186
350,2,3,3,6,1,19,3,4,0,25,71,0.043335257
100,3,4,6,2,0,44,3,4,0,10,72,0.082093934
67,1,4,4,7,1,64,3,4,0,14,71,0.06497649
30,5,7,7,2,0,37,4,4,0,2,61,0.047202594
0,7,6,3,5,4,31,5,5,1,2,84,0.09793085
0,0,6,1,5,4,88,4,5,1,2,56,0.01203781
6,7,6,2,6,6,77,4,5,1,2,94,0.021457714
350,1,4,5,6,5,30,6,5,0,6,84,0.050123848
400,1,2,3,7,1,32,4,5,0,25,77,0.082012745
15,7,6,2,6,6,59,1,5,1,2,94,0.049187097
0,0,4,4,4,3,47,4,5,0,5,74,0.08072189
3,2,4,6,5,1,22,3,5,0,15,75,0.056182837
22,5,4,2,6,2,55,3,5,0,29,67,0.098382514
64,2,2,1,3,0,24,2,5,0,30,59,0.073404815
32,5,3,7,4,1,65,1,5,0,6,61,0.094099784
390,7,3,6,2,2,24,3,5,0,14,85,0.067607645
0,7,3,4,5,3,30,3,5,0,9,67,0.062685759
0,7,4,5,2,3,73,3,5,0,10,99,0.095109772
59,5,3,3,5,1,73,5,5,0,24,81,0.075407749
0,6,4,3,6,2,91,1,5,0,18,98,0.094758959
35,7,3,2,5,0,71,2,5,0,18,77,0.085917794
0,2,6,4,5,4,34,4,5,1,4,80,0.016761302
170,7,4,3,2,0,48,2,6,0,25,51,0.085705022
12,1,6,2,6,5,42,4,6,1,4,62,0.09416992
40,4,6,5,4,0,72,2,6,0,0,90,0.092897513
31,2,3,4,6,6,20,4,6,1,5,76,0.051032495
31,7,2,2,7,0,22,4,6,0,27,98,0.088172049
1600,1,3,3,6,1,24,6,6,0,21,95,0.08091488
1,1,4,2,7,2,39,6,6,0,22,88,0.099334813
4,7,6,1,6,6,83,5,6,1,3,66,0.037585165
190,0,6,2,6,6,39,3,6,1,1,72,0.028797356
53,3,5,3,6,1,33,5,6,0,22,92,0.037102432
31,7,4,3,6,1,53,3,6,1,0,52,0.041607414
16,7,5,3,6,5,82,3,6,1,3,90,0.099461764
33,5,4,3,5,6,82,3,6,1,0,95,0.036575592
0,3,5,3,6,5,47,6,7,1,2,60,0.029222232
0,3,4,2,7,4,68,3,7,0,19,69,0.074340425
0,7,4,3,5,0,84,6,7,0,15,52,0.090133726
27,2,6,1,6,5,35,5,7,1,2,55,0.08830871
84,7,4,5,6,1,67,2,7,0,6,85,0.079952153
22,3,5,3,5,4,33,2,7,1,5,71,0.090814974
0,3,3,3,5,0,49,7,7,0,26,65,0.048429618
3500,0,4,3,7,0,91,1,7,0,29,69,0.012467435
390,7,4,5,3,1,43,3,7,0,6,51,0.040675364
0,7,4,3,2,6,65,4,7,0,4,52,0.068552755
16,7,5,6,3,0,69,3,7,0,9,84,0.026046297
200,0,5,5,4,1,56,4,8,0,7,54,0.090779475
640,0,2,3,5,0,24,6,8,0,15,75,0.015306285
0,7,4,4,5,0,77,3,8,0,14,59,0.024406504
45,7,6,3,7,0,74,3,8,0,2,69,0.089530822
12,0,7,3,6,6,25,6,8,1,0,69,0.0198231
20,7,6,2,5,4,85,1,8,1,0,56,0.017913067
7300,5,7,7,6,3,21,2,8,0,3,82,0.088069248
64,7,6,3,1,0,24,4,8,0,4,82,0.021605308
13,7,5,4,7,4,73,4,8,0,13,84,0.012501681
190,0,4,5,3,2,37,3,8,0,12,61,0.076455995
9,4,4,5,1,2,35,4,8,0,7,94,0.044411368
0,7,4,4,7,0,47,3,8,0,9,81,0.069433512
170,2,4,2,6,6,21,3,8,1,3,94,0.054627745
640,7,3,6,4,0,55,5,8,0,8,75,0.035845587
9,4,6,3,6,6,30,6,8,1,5,89,0.013220146
0,4,5,3,6,4,76,7,8,1,0,81,0.024618837
7300,5,3,4,3,3,36,4,8,0,6,72,0.048537953
2800,0,1,1,7,0,38,3,9,0,18,93,0.044480506
0,7,2,3,5,0,67,3,9,0,26,79,0.043368249
30,7,7,3,7,6,70,2,9,1,5,95,0.0564588
44,7,5,3,7,2,78,4,9,0,28,51,0.059366167
7300,1,2,2,7,3,27,6,9,0,23,86,0.078178341
330,4,3,5,6,1,51,4,9,0,7,83,0.020371456
3,0,6,7,3,5,33,4,9,0,2,60,0.069020242
51,2,6,1,5,6,80,6,9,1,4,74,0.021224605
29,5,4,1,6,1,79,1,9,0,20,60,0.097945624
630,2,6,4,5,4,66,1,9,1,5,69,0.095968367
170,0,4,1,6,0,32,3,10,0,27,86,0.048961251
33,7,4,5,7,0,70,2,10,0,7,77,0.089694586
0,3,2,3,6,3,42,3,10,0,22,51,0.017837004
9,5,5,4,5,5,73,4,10,1,4,56,0.011155299
22,4,4,4,6,0,87,2,10,0,14,68,0.028143312
100,0,7,5,1,1,30,5,10,0,1,60,0.051300274
2,2,4,4,5,3,52,3,10,0,12,52,0.08935369
0,6,5,3,6,1,62,4,10,0,25,98,0.047665634
50,7,6,3,4,0,67,3,10,0,3,97,0.018824966
15,4,6,3,4,4,37,6,10,0,3,57,0.059032997
3,4,3,5,7,0,37,4,10,0,13,55,0.018374151
720,5,1,5,6,1,64,6,10,0,6,77,0.090778644
640,7,1,1,5,0,34,3,10,0,26,91,0.032416855
5,7,4,4,7,0,70,3,10,0,6,77,0.046578986
24,2,6,2,6,6,31,5,10,1,4,85,0.07590985
22,7,2,2,6,0,29,6,11,0,20,61,0.092434675
55,7,4,5,4,1,71,2,11,0,10,92,0.03978482
0,2,4,4,4,0,67,1,11,0,9,65,0.045847043
1600,5,4,4,6,0,41,7,11,0,11,77,0.02969318
170,6,1,2,6,0,49,6,11,0,23,83,0.018592468
1000,7,4,4,5,0,42,5,11,0,15,65,0.017746461
63,0,6,3,2,0,78,2,11,0,0,65,0.041493112
110,0,4,1,6,1,24,3,11,0,29,95,0.015273258
16,7,4,6,6,1,29,3,11,0,15,96,0.076749817
100,3,4,2,6,5,39,5,11,1,0,77,0.090656107
7300,3,5,3,6,1,19,4,11,0,16,51,0.032329398
22,2,4,2,7,1,32,5,11,0,30,86,0.0956026
71,3,4,2,6,5,69,3,11,1,1,73,0.06597479
900,4,5,2,5,5,83,3,11,1,3,58,0.051278648
35,7,4,1,5,4,76,2,11,1,4,85,0.049737762
2,7,7,1,2,0,62,2,11,0,5,78,0.029894981
83,2,3,3,6,0,47,7,11,0,26,65,0.038674557
370,5,6,7,4,0,35,3,11,0,5,51,0.022839887
12,0,4,5,3,4,23,3,11,0,15,87,0.030586249
370,7,4,4,1,1,79,4,11,0,9,91,0.058766032
100,7,6,2,6,5,64,5,11,1,2,63,0.058679049
470,7,6,2,4,5,70,4,11,1,5,74,0.055159235
22,7,6,1,6,6,87,5,11,1,2,87,0.029604439
2800,0,3,6,1,0,28,2,12,0,12,62,0.011022667
47,5,3,5,7,1,58,3,12,0,14,84,0.056278524
900,5,4,4,6,1,85,2,12,0,13,53,0.021063838
330,7,3,6,4,0,62,3,12,0,9,71,0.048555952
84,0,3,2,7,1,26,6,12,0,19,87,0.016689462
0,0,6,2,5,5,28,3,12,1,5,64,0.03599488
33,3,6,1,7,6,88,2,12,1,4,66,0.099244123
53,7,2,3,6,0,57,6,12,0,28,76,0.031991857
8,7,2,2,6,0,78,3,12,0,26,50,0.076895663
2,7,4,4,2,0,56,3,12,0,5,92,0.046320952
0,0,4,6,3,3,46,5,12,0,14,81,0.052904221
0,2,4,4,3,5,20,3,12,1,5,58,0.068313258
0,0,5,6,4,1,24,4,12,0,14,98,0.07933829
0,7,5,2,6,2,72,4,12,0,24,75,0.035708973
15,7,2,4,7,1,51,4,12,0,14,70,0.061501273
900,0,6,2,5,6,34,6,12,1,4,71,0.098731387
30,2,4,2,6,1,21,4,12,0,16,84,0.033828508
0,7,4,4,6,2,74,7,12,0,14,89,0.069003657
170,3,4,4,6,1,48,1,12,0,12,64,0.014155326
900,2,3,3,7,5,28,3,12,0,15,99,0.037841356
0,6,7,1,7,5,38,2,12,1,5,60,0.053399137
1600,7,4,6,1,0,70,3,12,0,5,90,0.059901456
0,7,4,5,4,0,72,2,12,0,14,53,0.040352494
2800,0,4,5,6,0,41,3,12,0,14,69,0.080521871
110,5,3,4,5,1,50,7,12,0,9,86,0.034941297
1,7,6,2,5,5,73,3,12,1,2,63,0.027479066
3,5,5,2,4,0,79,6,12,0,25,55,0.063922967
0,4,5,1,4,5,76,2,12,1,1,67,0.045244988
22,0,5,3,5,5,62,5,12,1,4,85,0.061958547
63,3,6,2,6,6,30,6,12,1,1,84,0.056636314
290,0,6,3,6,5,35,4,12,1,0,76,0.042390108
2,7,1,2,7,1,66,4,12,0,22,98,0.024133199
40,0,2,4,6,0,35,4,12,0,7,100,0.072319663
67,0,6,1,5,6,57,6,12,1,0,57,0.011100165
0,5,4,5,4,5,37,5,12,1,3,65,0.075257304
470,7,5,5,2,1,61,3,13,0,15,98,0.060682445
0,7,6,2,6,6,56,3,13,1,5,57,0.019636955
4,6,3,4,5,1,53,3,13,0,12,69,0.043724091
20,0,4,5,3,2,24,6,13,1,4,87,0.010661102
2800,7,4,1,6,5,74,3,13,1,1,65,0.092965119
0,0,4,4,3,1,36,3,13,0,10,71,0.01969678
1,0,6,2,4,5,30,5,13,1,1,91,0.027626596
640,0,4,7,4,1,55,2,13,0,13,82,0.087132922
170,3,3,2,7,2,35,6,13,0,18,63,0.052432944
270,2,3,4,6,0,26,4,13,0,13,56,0.052672878
390,0,3,4,6,2,25,4,13,0,11,73,0.017813084
16,2,6,7,4,3,27,3,13,0,4,60,0.037837564
11,7,4,1,6,5,66,3,13,1,5,84,0.026370485
0,1,5,2,6,2,39,2,13,0,30,89,0.060885487
270,7,1,1,2,2,58,5,13,0,21,82,0.011123046
170,2,4,4,4,0,53,3,13,1,2,75,0.065551007
900,7,6,7,4,0,76,3,13,0,3,100,0.01730635
270,7,5,2,7,1,51,3,13,0,23,90,0.086356791
0,7,4,2,7,0,70,2,13,0,23,79,0.014928743
350,3,6,3,6,6,68,4,13,1,3,100,0.088589537
0,0,5,4,5,2,32,3,13,1,5,88,0.017402983
6,0,5,4,5,5,55,3,13,0,9,51,0.027546695
290,7,2,2,6,0,52,4,13,0,17,97,0.019275178
630,7,6,4,6,4,73,2,13,1,0,71,0.062067848
900,0,5,4,7,0,42,2,13,0,8,70,0.091936662
31,2,4,4,3,4,23,5,13,1,0,60,0.012354523
1600,5,2,3,6,0,30,7,14,0,24,72,0.085651497
71,7,2,2,7,0,68,4,14,0,15,63,0.076972472
200,7,5,2,3,2,68,3,14,0,30,84,0.028617115
0,0,6,4,7,3,68,6,14,0,4,82,0.020283278
30,5,2,3,6,0,38,5,14,0,25,67,0.034175036
10,1,4,3,6,2,74,3,14,0,23,50,0.077954707
0,7,5,6,3,0,59,2,14,0,6,69,0.072415605
900,2,5,2,5,2,73,2,14,0,30,96,0.095027725
71,7,2,3,6,0,79,3,14,0,17,65,0.059146454
22,3,7,1,6,5,28,4,14,1,1,92,0.068839906
0,7,6,2,6,6,50,3,14,1,0,51,0.091737954
0,4,6,3,1,1,36,4,14,0,1,53,0.096894497
0,3,6,2,6,6,50,3,14,1,1,94,0.027616633
0,1,6,2,6,6,61,3,14,1,3,100,0.069898822
7300,3,2,2,6,0,37,4,14,0,18,90,0.090064674
83,0,3,4,7,0,29,6,14,0,13,86,0.018186062
93,7,2,3,7,0,39,4,14,0,22,100,0.066423923
0,7,4,5,4,2,83,6,14,1,2,69,0.014562401
51,7,6,1,5,4,68,6,14,1,3,94,0.027993014
31,2,6,1,5,6,25,4,14,1,0,79,0.066552149
93,2,1,3,6,1,41,6,14,0,20,57,0.058033179
0,7,3,2,6,1,67,3,14,0,26,99,0.096872679
0,3,4,2,6,4,36,6,14,1,3,99,0.077720415
31,4,6,2,6,4,66,4,14,1,2,99,0.023909125
900,1,3,2,7,1,55,4,14,0,23,61,0.060227572
0,4,3,2,6,2,42,5,14,0,20,80,0.091829939
2,7,6,3,5,5,42,3,14,1,0,86,0.03918223
110,3,4,5,7,1,36,3,14,0,12,63,0.047476586
63,1,6,4,6,4,53,5,14,1,1,75,0.048093103
900,0,3,2,5,1,36,5,14,0,17,86,0.066683475
31,3,4,3,6,2,29,7,14,0,24,71,0.015338468
510,1,4,4,6,0,31,3,14,0,10,70,0.083958545
270,2,3,4,6,1,43,6,14,0,5,63,0.021453793
9,3,3,4,7,1,33,6,14,0,12,84,0.065086608
3,1,6,6,2,0,63,3,14,0,3,89,0.08252025
29,1,5,2,4,2,25,5,14,0,30,86,0.026263219
45,2,3,2,6,0,72,4,14,0,30,63,0.080717341
83,5,3,3,6,1,40,4,14,0,19,96,0.085225283
22,7,4,2,6,2,27,6,14,0,17,95,0.062948715
15,3,5,4,7,2,26,4,15,0,13,96,0.088079287
110,7,5,2,5,6,67,3,15,1,2,80,0.08445006
8,0,4,5,5,1,21,3,15,0,6,61,0.046599086
11,5,6,2,6,6,27,7,15,1,0,68,0.027370096
56,4,6,5,3,0,78,6,15,1,2,82,0.099125838
8,3,4,4,3,1,32,3,15,0,14,63,0.077556037
100,5,4,2,6,1,68,4,15,0,22,53,0.05233094
900,7,4,2,6,5,76,4,15,0,21,90,0.067569149
67,7,3,3,6,0,33,5,15,0,29,58,0.085853436
35,4,6,2,5,4,38,2,15,1,3,69,0.070087842
35,3,4,3,5,1,49,7,15,0,18,96,0.070336308
22,0,5,4,6,5,61,4,15,1,3,87,0.057133329
110,7,7,1,5,4,57,3,15,1,5,81,0.061216409
12,0,4,2,5,2,20,3,15,0,30,80,0.081968996
7300,7,4,2,4,4,63,6,15,1,5,66,0.054925967
0,0,4,1,5,4,53,3,15,1,1,77,0.08749081
19,5,4,2,6,5,35,4,15,1,1,84,0.073085758
470,3,4,4,7,0,39,3,15,0,15,56,0.094320074
4,3,3,5,3,4,48,3,15,1,4,95,0.016964359
640,4,6,2,5,4,62,3,15,1,0,59,0.04498704
640,2,4,2,3,1,30,5,15,0,30,96,0.051825376
200,7,7,1,4,6,26,6,15,1,1,70,0.071523607
0,7,3,2,4,5,74,6,15,1,3,83,0.047736093
29,4,3,4,6,2,37,5,15,0,5,86,0.016906937
330,2,4,5,5,1,43,5,15,0,7,80,0.094705533
19,5,5,1,4,6,68,3,15,1,4,67,0.026560058
1,7,5,3,4,5,73,5,15,1,1,56,0.014772155
110,5,6,1,6,6,60,7,15,1,1,86,0.050781076
0,7,5,4,6,1,35,3,15,0,10,100,0.091061694
350,4,3,4,6,0,29,6,15,0,14,89,0.065029324
2,5,3,3,5,1,25,6,15,0,21,81,0.052276258
0,7,2,2,6,0,25,7,15,0,15,90,0.05725134
7,4,2,4,5,0,70,6,15,0,11,54,0.016599112
71,1,6,2,5,6,41,3,15,1,3,84,0.040117179
53,0,4,2,6,1,37,6,15,0,30,83,0.092785729
0,0,6,1,6,6,39,5,15,1,2,84,0.027743611
2,6,3,4,6,0,35,4,15,0,5,85,0.025607323
190,4,2,3,6,0,62,7,15,0,25,68,0.062815906
31,0,3,2,6,1,30,7,15,0,30,72,0.024952633
16,7,4,2,6,0,74,4,15,0,20,84,0.059916296
22,7,3,3,4,5,47,3,15,0,20,87,0.073339565
3,4,4,5,3,1,43,6,15,0,12,98,0.082569197
0,6,5,3,6,5,64,2,15,1,3,94,0.089307855
0,7,4,3,5,2,75,4,15,1,4,69,0.080112977
67,3,4,4,7,1,27,6,15,0,11,56,0.074814862
40,7,4,4,6,0,21,3,15,0,9,65,0.014451281
74,4,2,2,6,1,70,2,15,0,17,96,0.052054469
3,6,5,2,6,5,67,3,15,1,1,69,0.0422066
140,7,6,4,5,6,82,5,15,0,2,90,0.094769522
14,0,2,2,6,0,40,6,15,0,23,70,0.024134992
110,0,5,3,6,5,26,4,15,1,1,95,0.066337337
35,3,4,3,5,1,29,6,15,0,24,100,0.073066107
0,1,4,5,6,2,28,6,15,0,5,68,0.040530822
310,7,6,4,3,5,65,3,15,0,0,50,0.016184863
900,2,6,5,3,1,25,3,15,0,3,60,0.05658618
0,7,3,2,7,1,65,2,15,0,30,51,0.083733401
11,4,6,2,6,5,38,5,15,1,5,80,0.05884887
0,2,4,3,5,5,72,7,15,1,1,71,0.044808661
270,7,3,2,7,1,67,3,15,0,21,94,0.039282757
51,7,3,1,7,0,74,3,15,0,19,73,0.070952391
11,5,2,4,4,2,71,6,15,0,14,77,0.095112879
2,0,4,6,4,0,47,3,15,0,12,87,0.012407427
20,7,5,4,6,1,69,1,15,0,8,64,0.036043579
31,3,3,3,6,1,29,6,15,0,17,50,0.064614837
2,0,6,2,5,6,34,3,15,1,0,100,0.080656641
5,3,4,3,6,0,43,4,15,0,23,85,0.032261652
22,7,2,1,7,0,30,3,15,0,15,70,0.078730954
0,7,5,5,4,0,76,2,15,0,14,68,0.070597247
27,0,2,4,6,1,26,5,16,0,10,81,0.064953608
7,7,4,3,6,2,76,5,16,0,22,94,0.01341615
0,0,1,4,6,1,42,7,16,0,7,59,0.071510512
0,4,3,1,4,5,33,3,16,1,0,63,0.096080331
0,1,6,2,5,5,25,3,16,1,2,100,0.085995595
2800,0,2,2,7,0,51,4,16,0,25,53,0.075237689
0,4,4,2,5,4,57,3,16,1,0,50,0.065536047
22,1,6,1,5,6,21,4,16,1,5,84,0.013149787
9,7,5,1,4,5,79,7,16,1,1,83,0.029931008
0,1,6,2,5,5,35,5,16,1,1,73,0.058157613
9,5,4,2,5,4,57,6,16,1,1,67,0.055433571
0,1,4,4,6,5,32,6,16,0,7,89,0.073658095
37,5,4,5,5,2,51,6,16,0,5,72,0.020625151
23,0,5,2,4,6,62,7,16,1,3,53,0.034549596
0,4,5,1,6,5,48,4,16,1,1,50,0.081635247
0,7,7,1,6,6,39,3,16,1,5,68,0.041042078
0,5,3,2,6,5,26,6,16,1,5,100,0.063747923
40,0,4,2,4,1,38,3,16,1,2,89,0.055245136
0,5,3,3,4,0,50,4,16,0,26,95,0.065716692
9,2,5,5,6,4,33,3,16,1,1,79,0.039659802
15,5,4,3,6,2,36,3,16,0,27,85,0.086472131
640,5,4,4,6,0,24,6,16,0,13,92,0.020597347
0,4,3,2,6,0,25,5,16,0,15,93,0.030709229
0,7,6,5,3,0,62,3,16,0,5,91,0.059068338
0,2,4,3,3,6,33,3,16,1,1,78,0.05453955
0,7,6,2,5,6,53,6,16,1,1,66,0.028692154
22,7,6,2,5,6,68,6,16,1,1,85,0.050415866
22,7,5,4,6,1,68,3,16,0,11,55,0.096682011
10,1,6,1,5,5,38,3,16,1,0,53,0.02595958
29,1,4,5,3,0,58,1,16,0,9,87,0.066333522
170,7,4,2,6,5,34,6,16,1,4,70,0.082452641
4,2,4,3,4,1,58,2,16,0,16,55,0.022604386
11,0,3,4,7,1,35,5,16,0,13,52,0.03941958
31,3,7,2,6,6,42,6,16,1,2,90,0.058235732
0,7,4,4,6,0,54,3,16,0,12,84,0.054090423
0,7,6,2,5,6,69,3,16,1,3,93,0.03506568
360,2,4,6,5,0,35,4,16,0,11,93,0.065260114
0,7,6,1,5,6,66,4,16,1,0,75,0.027110333
900,2,3,2,7,0,58,3,16,0,26,61,0.075869353
51,5,2,4,7,1,41,3,16,0,11,99,0.019923429
0,2,5,2,6,4,35,6,16,0,26,68,0.027607388
110,0,3,3,6,1,40,7,16,0,21,52,0.020380876
1,7,4,7,2,0,53,1,16,0,13,59,0.030747515
8,5,6,2,6,5,67,6,16,1,0,52,0.072098197
5,5,4,4,6,0,32,5,16,0,5,80,0.034145784
87,4,3,4,6,0,41,4,16,0,7,88,0.027240213
3,1,2,1,6,1,43,7,16,0,19,93,0.080947786
51,1,5,3,2,0,65,2,16,0,25,72,0.098684836
350,7,3,3,7,0,60,5,16,0,18,53,0.062249885
3,7,5,3,6,0,77,6,16,0,24,72,0.01963395
630,0,6,5,4,1,35,4,16,0,3,58,0.086992901
180,4,6,7,5,1,48,4,16,0,4,62,0.034610275
0,0,6,2,6,6,52,3,16,1,5,74,0.080696687
35,7,5,3,6,2,43,7,16,0,24,71,0.036087107
0,7,6,2,6,6,43,5,16,1,4,98,0.069908082
0,7,6,2,6,6,67,4,16,1,0,65,0.068270381
6,1,4,4,7,0,56,3,16,0,5,87,0.091329192
7300,2,3,3,4,0,62,4,16,0,17,64,0.046911808
2,1,7,7,5,0,62,3,16,0,5,50,0.096820409
35,3,3,2,6,1,22,6,16,0,18,83,0.023657891
0,0,2,2,6,1,21,5,16,0,19,62,0.070211004
45,3,6,1,6,6,34,3,16,1,5,62,0.099917331
0,7,4,3,5,0,70,3,16,0,26,59,0.045487155
5,1,3,2,6,2,50,3,16,0,29,70,0.022912824
35,5,6,1,6,6,42,4,16,1,1,87,0.055522155
900,5,6,2,6,6,73,3,16,1,2,66,0.094466756
35,2,3,1,6,0,57,7,16,0,26,78,0.03558465
0,7,6,1,5,6,40,6,16,1,5,59,0.011018977
0,2,6,1,6,6,58,6,16,1,2,80,0.078501682
11,7,4,6,2,1,62,3,16,0,9,71,0.037271863
40,1,3,5,3,1,44,3,17,0,10,52,0.078186671
0,3,5,3,7,6,30,6,17,0,4,64,0.049263136
23,7,3,3,7,0,76,5,17,0,20,94,0.087273619
270,3,4,3,3,1,50,4,17,0,26,98,0.05100697
9,1,6,2,5,5,41,4,17,1,3,77,0.084348817
0,6,6,3,6,6,77,3,17,1,2,93,0.055566318
0,3,6,3,5,6,35,6,17,1,5,96,0.051337016
0,7,4,3,4,3,39,4,17,0,24,91,0.089123216
2,0,4,2,4,4,72,3,17,1,1,96,0.013320068
0,2,6,2,5,6,42,7,17,1,2,68,0.027566957
16,7,5,2,6,5,85,2,17,1,3,51,0.069503673
7300,0,4,2,6,3,79,4,17,0,21,74,0.076274737
0,5,2,3,6,0,39,4,17,0,24,73,0.03232001
23,4,6,1,5,6,58,6,17,1,1,89,0.044648524
42,0,4,2,6,5,27,6,17,1,3,79,0.034462011
2,4,4,3,5,1,43,5,17,0,25,61,0.051623225
0,0,3,3,6,0,58,4,17,0,27,98,0.030213185
42,7,4,3,6,4,28,7,17,1,1,93,0.053936644
470,2,5,3,6,5,27,6,17,0,19,89,0.011076243
42,0,3,6,5,2,40,3,17,0,5,52,0.081005795
0,5,1,3,6,0,43,6,17,0,27,59,0.060235069
40,7,5,4,6,5,64,3,17,1,5,89,0.02544849
180,7,2,2,6,0,39,6,17,0,17,79,0.036398749
110,7,4,2,6,4,76,4,17,1,0,54,0.091029927
140,5,3,3,6,0,64,5,17,0,19,73,0.099419599
0,4,4,6,3,2,28,4,17,0,13,95,0.014357974
0,2,4,2,6,1,45,3,17,0,26,85,0.036107282
190,1,6,2,6,6,22,3,17,1,3,82,0.05280623
35,1,3,3,6,1,27,6,17,0,26,54,0.092776404
45,0,1,2,7,0,31,4,17,0,30,62,0.085797137
170,1,2,2,7,0,34,6,17,0,18,91,0.016883771
0,4,2,3,7,0,30,4,17,0,22,55,0.085208575
0,2,6,1,6,6,64,3,17,1,0,55,0.024983952
35,0,6,1,6,4,36,6,17,1,5,60,0.048134027
5,7,4,3,5,4,31,2,17,1,0,100,0.025452594
350,1,4,3,4,5,37,3,17,1,1,58,0.086054996
4,0,6,4,2,1,48,3,17,0,1,82,0.086530039
70,0,5,7,7,3,41,3,17,0,9,94,0.021534217
8,2,5,2,6,5,25,4,17,1,5,55,0.074817356
12,5,4,2,6,6,82,3,17,1,4,73,0.078644161
5,1,6,2,5,4,36,7,17,1,2,70,0.098924866
0,7,6,2,5,1,47,3,17,1,3,84,0.015327521
16,6,2,3,6,0,67,4,17,0,16,70,0.059809409
0,0,4,6,2,5,24,4,17,1,2,70,0.09668077
9,0,4,5,3,5,33,6,17,1,3,81,0.048675937
14,7,4,1,5,1,59,4,17,1,4,68,0.032451636
22,7,7,1,6,6,71,4,17,1,5,63,0.044298306
0,7,6,2,5,6,36,3,17,1,4,50,0.022862572
1,3,3,3,5,0,41,3,17,0,29,61,0.076317632
1600,5,6,2,6,6,38,6,17,1,3,85,0.062736422
7300,1,6,3,6,6,32,3,17,1,3,52,0.033728835
19,0,5,6,7,1,32,4,17,0,15,60,0.049351355
9,6,5,4,6,0,75,6,17,0,12,77,0.015322142
0,7,5,2,4,4,52,3,17,1,3,95,0.075731044
1600,5,2,3,6,0,29,7,17,0,27,54,0.03206391
12,7,3,4,6,0,71,3,17,0,8,79,0.065199254
1,0,6,2,5,2,33,6,17,0,2,67,0.021870985
0,3,1,2,7,2,67,7,17,0,16,65,0.058049737
0,2,6,1,6,6,49,4,17,1,1,75,0.058617688
0,0,2,3,5,1,31,7,17,0,24,97,0.068616135
9,7,3,4,6,1,53,2,17,0,6,73,0.05698911
0,3,2,3,7,0,35,7,17,0,29,54,0.065111981
170,7,6,2,6,6,49,7,18,1,5,71,0.094506274
3,7,6,4,4,0,74,3,18,0,5,56,0.063914488
14,0,6,1,5,6,29,4,18,1,1,74,0.019471564
1,5,2,3,6,0,27,6,18,0,19,71,0.045228682
23,5,4,4,6,5,70,4,18,0,7,99,0.017732658
0,0,6,1,6,6,43,6,18,1,3,50,0.072969769
1,5,2,3,6,2,47,7,18,0,15,81,0.014907787
0,4,4,4,6,0,42,7,18,0,8,68,0.094554595
9,0,6,2,5,6,41,6,18,1,2,82,0.076896003
130,2,6,4,6,6,37,4,18,1,0,77,0.07571861
5,5,5,5,4,1,61,3,18,0,7,84,0.026482885
4,7,4,2,6,0,84,4,18,0,20,84,0.087204584
2800,7,5,3,7,0,46,6,18,0,24,86,0.096922049
4,0,4,3,6,5,39,7,18,0,24,53,0.099361345
6,7,2,3,6,0,53,3,18,0,18,74,0.04196647
4,7,5,1,6,6,87,6,18,1,0,88,0.082739229
84,2,4,6,2,0,51,3,18,0,7,95,0.018005175
0,0,5,2,5,4,37,5,18,1,5,64,0.059616478
9,1,4,3,5,4,37,6,18,1,0,53,0.076322031
290,0,5,2,6,6,40,6,18,1,2,62,0.099268406
0,3,4,4,6,2,46,6,18,0,12,66,0.032945856
9,7,1,4,1,3,44,3,18,1,0,87,0.050193451
0,2,4,3,6,1,37,3,18,0,16,93,0.049991402
0,7,4,2,6,2,55,7,18,0,22,63,0.028707351
22,0,5,2,5,1,40,6,18,1,5,94,0.093660375
0,5,3,2,6,1,42,7,18,0,30,86,0.099196127
640,7,6,2,6,6,40,3,18,1,0,81,0.026200907
10,0,6,2,6,6,32,3,18,1,1,83,0.052400429
4,5,5,2,5,4,58,7,18,1,5,95,0.05978538
0,2,5,1,6,4,37,3,18,1,2,52,0.086162549
640,4,4,5,5,5,51,3,18,1,2,80,0.018110997
110,5,3,5,4,5,44,5,18,0,10,89,0.034467285
0,2,4,5,2,0,23,2,18,0,12,71,0.082245893
0,2,6,2,6,6,38,3,18,1,0,55,0.041162522
67,0,3,4,6,0,42,7,18,0,13,53,0.030216207
520,7,4,2,5,4,60,4,18,1,4,93,0.088988148
0,3,4,3,6,1,34,4,18,0,25,54,0.089274778
51,1,6,2,6,6,49,3,18,1,1,61,0.066002767
0,0,4,2,3,4,40,3,18,1,4,78,0.031234392
2800,7,2,2,7,0,23,4,18,0,20,84,0.062657347
110,2,2,3,6,0,47,3,18,0,25,94,0.023967068
7300,7,4,4,7,0,44,5,18,0,7,85,0.099483854
7300,5,5,2,6,1,37,7,18,1,5,80,0.073895752
0,2,6,1,6,5,26,5,18,1,5,63,0.090035447
16,7,7,6,5,2,51,4,18,0,5,55,0.071090881
140,4,4,4,6,0,69,3,18,0,11,93,0.047931007
54,2,2,2,7,0,36,6,18,0,23,76,0.058398513
2,2,2,3,6,2,28,4,18,0,24,84,0.047368978
470,4,5,2,6,5,40,4,19,1,1,54,0.091229312
0,1,6,1,6,5,45,4,19,1,1,68,0.019632193
75,3,5,2,5,5,75,6,19,1,3,52,0.094703307
11,2,6,2,5,5,32,6,19,1,2,73,0.063187216
0,0,3,2,6,1,27,3,19,0,29,66,0.062869719
2800,6,5,2,5,3,63,6,19,1,5,92,0.04064471
140,1,5,3,6,6,79,7,19,1,4,67,0.045450694
9,7,3,2,6,1,40,6,19,0,17,73,0.059498521
7300,2,4,3,6,1,57,6,19,0,26,50,0.03525285
45,3,3,4,5,1,44,6,19,0,15,60,0.018856041
1600,7,5,2,5,6,78,6,19,1,5,76,0.095259962
9,7,4,5,5,5,58,7,19,0,10,62,0.072319919
0,7,2,2,7,1,55,3,19,0,25,92,0.078263308
130,4,3,4,6,2,25,6,19,0,15,60,0.061787485
9,0,2,3,6,0,27,7,19,0,17,86,0.07899352
3500,3,4,2,7,2,21,3,19,0,17,96,0.093164617
0,3,6,2,6,5,37,4,19,1,4,85,0.021902685
0,0,7,3,4,5,31,3,19,1,2,52,0.098302358
35,7,2,4,6,0,85,7,19,0,5,93,0.020802068
900,1,4,2,6,5,33,3,19,0,22,53,0.079228883
27,7,3,7,4,3,63,2,19,1,1,88,0.04957608
900,7,4,4,6,1,51,3,19,0,15,100,0.096541554
0,2,3,5,2,0,46,3,19,0,13,91,0.046369245
64,2,5,2,6,6,26,5,19,1,4,53,0.016902894
4,7,3,3,6,0,57,6,19,0,15,95,0.046381417
0,3,4,2,6,1,48,3,19,1,4,60,0.086719252
0,2,7,1,5,5,55,3,19,1,2,53,0.014202646
53,0,3,6,4,1,37,5,19,0,15,83,0.021287959
290,2,6,2,6,6,39,3,19,1,3,71,0.069698391
15,2,2,3,4,1,24,3,19,1,4,58,0.091662451
0,0,6,3,6,6,30,6,19,1,5,93,0.022843304
35,0,3,4,6,1,36,7,19,0,13,91,0.064027095
0,0,5,4,6,4,45,3,19,0,11,80,0.085398234
470,1,5,2,6,2,29,3,19,0,22,59,0.076839286
16,7,6,3,6,5,41,4,19,1,2,66,0.039142879
40,1,5,3,5,4,28,5,19,1,2,61,0.01632846
290,7,2,2,7,0,35,4,19,0,25,88,0.011295084
4,7,2,3,6,0,46,4,19,0,29,56,0.058664604
1,7,1,2,7,1,55,4,19,0,22,91,0.015993785
140,3,2,3,6,6,65,4,19,0,5,99,0.021740588
110,1,4,2,6,1,22,4,19,0,16,57,0.08581239
0,1,4,4,6,1,41,4,19,0,10,76,0.051306283
900,1,2,3,6,2,43,7,19,0,20,55,0.092510514
0,2,4,3,6,0,49,4,19,0,21,68,0.087727359
0,4,4,2,5,4,35,7,19,1,0,94,0.051139121
51,7,3,3,5,1,80,3,19,0,21,51,0.028792296
71,2,4,6,2,0,57,4,19,0,10,97,0.028199621
900,4,3,3,6,0,48,3,19,0,18,70,0.06432784
83,4,1,4,6,2,43,6,19,0,11,73,0.030010535
360,3,4,4,7,0,34,4,19,0,8,57,0.0831395
180,7,2,2,4,0,44,5,19,0,25,69,0.019092122
1,3,6,1,6,4,49,6,20,1,1,90,0.070465465
22,7,5,2,7,2,43,7,20,0,26,74,0.070650906
1,0,4,3,5,6,39,4,20,1,2,52,0.090885962
2,2,4,3,7,1,27,3,20,0,30,72,0.050397499
34,4,6,2,6,6,30,6,20,1,2,68,0.07349623
33,2,6,2,6,4,33,6,20,1,4,67,0.015116025
10,1,2,3,7,0,32,5,20,0,30,72,0.060347419
290,7,5,2,6,6,31,6,20,1,5,50,0.052947223
0,2,5,3,7,2,27,5,20,0,18,79,0.026145975
76,3,2,2,6,0,36,4,20,0,23,97,0.035432778
20,7,3,2,6,2,45,5,20,0,27,87,0.062059343
0,5,4,6,5,2,51,3,20,0,13,72,0.016550248
0,0,6,2,3,5,36,4,20,1,5,87,0.025627466
0,7,6,4,6,4,47,7,20,1,2,58,0.055847576
470,4,4,4,6,1,42,6,20,0,11,70,0.031069171
9,6,6,1,5,6,70,6,20,1,0,84,0.098446945
0,0,3,3,6,3,40,4,20,0,21,91,0.01534416
0,7,2,5,7,0,38,3,20,0,9,81,0.030754442
8,0,5,1,6,4,29,3,20,1,2,52,0.047272204
1,0,4,2,5,6,58,3,20,1,3,100,0.044023894
1,7,4,6,1,2,28,3,20,0,6,64,0.017809738
7,1,6,3,6,5,30,4,20,1,5,92,0.046899934
0,3,4,3,6,2,48,5,20,0,21,93,0.066584015
170,0,6,2,6,6,35,4,20,1,0,78,0.024566052
270,3,6,7,6,0,38,3,20,0,5,70,0.077916806
0,0,4,2,5,4,56,7,20,1,1,60,0.05661863
13,4,5,3,6,5,62,4,20,1,0,68,0.081995087
10,7,6,1,6,5,56,4,20,1,2,92,0.045480189
22,0,6,2,5,6,32,3,20,1,2,95,0.068513837
640,5,4,5,7,1,50,5,20,0,13,64,0.085766218
900,3,3,4,6,1,45,6,20,0,7,92,0.088669565
22,7,3,3,4,0,36,6,20,0,30,77,0.046730688
62,1,6,2,6,6,49,4,20,1,3,71,0.069598278
110,2,7,1,6,6,31,6,20,1,1,82,0.022269854
84,4,2,3,6,2,33,7,20,0,27,78,0.09839426
0,1,6,2,6,6,35,4,20,1,4,68,0.03716591
13,2,4,2,5,4,73,4,20,1,3,90,0.072025854
20,7,6,1,5,6,54,5,20,1,1,100,0.079663115
0,3,4,2,7,1,48,3,20,0,24,83,0.076895935
16,3,6,2,6,4,65,4,20,1,0,80,0.069258493
6,7,5,6,5,6,46,4,20,0,3,73,0.094534225
12,0,2,2,6,0,45,7,20,0,17,73,0.024362424
0,7,6,2,5,6,65,7,20,1,4,77,0.038440791
0,0,6,2,6,6,45,6,20,1,4,73,0.075304944
170,7,4,1,5,4,89,7,20,1,3,65,0.057748077
100,0,5,3,6,4,32,4,20,0,20,76,0.032032077
5,4,6,4,4,1,38,4,20,0,3,74,0.099975529
3500,5,2,4,2,5,33,4,20,1,2,61,0.070756281
71,4,6,2,5,6,49,7,20,1,2,72,0.048723938
4,7,5,2,6,5,64,6,20,1,4,95,0.018381719
7300,5,5,4,7,1,55,4,20,0,12,71,0.014814055
7,0,3,3,5,1,56,7,20,0,23,93,0.073029882
290,4,4,5,3,5,30,6,20,0,9,62,0.057412039
0,0,5,4,6,5,41,7,20,1,5,69,0.027384107
0,1,6,2,5,6,39,5,20,1,3,69,0.014219996
520,7,4,4,6,4,34,3,20,0,14,50,0.098903323
430,5,4,5,7,1,53,3,20,0,11,89,0.067349821
9,2,3,3,6,2,40,6,20,0,17,91,0.037316641
40,0,3,3,6,1,48,6,20,0,25,72,0.058558621
2,7,6,5,5,5,59,4,20,0,5,97,0.094215896
75,7,6,2,4,4,54,4,20,1,0,75,0.030461584
170,0,3,5,6,1,41,6,20,0,13,59,0.062197679
170,1,2,3,6,0,41,6,20,0,16,86,0.053083705
640,5,5,3,6,4,63,7,20,0,30,89,0.012940525
2800,1,7,1,6,4,39,3,20,1,1,82,0.086666427
9,3,7,2,5,4,46,3,20,0,2,94,0.03211231
150,7,4,3,6,0,55,3,20,0,25,69,0.086260591
0,7,4,1,5,3,42,3,20,1,5,74,0.057720365
0,7,6,3,6,4,58,2,20,1,3,98,0.017413314
100,0,3,2,6,2,42,4,20,0,24,96,0.061102543
33,7,4,3,4,2,40,6,20,1,2,61,0.039920911
310,7,5,2,5,1,56,6,20,1,4,100,0.031781476
53,1,4,5,2,2,37,4,20,0,11,56,0.063519842
13,2,3,2,6,2,37,6,20,0,19,88,0.039858678
290,6,5,1,5,5,49,6,20,1,0,54,0.067841872
310,7,6,1,6,6,63,4,20,1,0,93,0.031427199
0,7,6,2,5,6,30,7,20,1,1,73,0.069143751
54,7,4,2,6,4,62,5,20,1,2,63,0.020783926
1600,0,4,3,6,1,30,6,20,0,29,69,0.04865333
14,0,6,3,6,6,34,6,20,1,1,69,0.047739447
25,7,6,3,6,5,41,4,20,1,0,85,0.05661881
45,0,4,5,4,6,43,3,20,1,1,64,0.085502602
20,2,5,2,6,4,33,5,20,0,23,64,0.067441615
18,6,4,3,5,5,67,7,20,1,3,66,0.074685164
740,7,5,1,6,0,55,5,20,1,1,60,0.025329419
9,6,2,2,6,0,33,5,20,0,18,85,0.069333968
5,0,6,1,5,5,61,4,20,1,4,89,0.034169143
7300,7,4,1,6,4,45,3,20,0,19,72,0.052241991
81,7,4,3,7,0,34,3,20,0,29,86,0.034665285
190,1,6,2,6,6,35,3,20,1,2,87,0.057452072
51,1,4,4,5,2,50,6,20,0,14,51,0.041348198
7300,7,3,4,2,0,38,4,20,0,8,95,0.041747429
350,0,6,2,6,5,56,3,20,1,1,90,0.037899686
27,2,4,1,6,5,31,3,20,1,2,74,0.07567223
33,5,6,1,4,5,40,7,20,1,2,62,0.05576578
50,4,3,2,6,0,44,3,20,0,28,77,0.07807318
1,7,6,5,2,2,39,4,20,0,5,68,0.072511632
11,1,4,3,6,1,45,3,20,0,20,99,0.067772806
51,5,3,3,6,0,72,6,20,0,24,65,0.03495828
160,7,2,3,5,1,44,7,20,0,24,90,0.087983131
16,7,1,3,6,0,61,7,21,0,22,56,0.069950288
110,6,6,2,6,6,34,7,21,1,1,63,0.098762402
110,4,5,2,5,5,61,6,21,1,1,74,0.062157646
13,6,3,3,7,1,67,4,21,0,30,84,0.066259406
220,7,4,1,4,6,38,6,21,1,2,77,0.019559925
470,7,4,2,6,1,50,6,21,0,28,54,0.076573809
22,6,6,1,6,6,62,4,21,1,3,55,0.089246889
9,2,6,3,6,5,36,6,21,1,5,73,0.071975075
22,3,6,3,5,4,50,6,21,1,2,80,0.052018903
190,2,4,2,7,1,30,6,21,0,24,70,0.013873437
100,5,6,2,6,6,59,5,21,1,0,98,0.023636458
14,7,3,3,6,0,62,6,21,0,24,92,0.048588513
0,7,4,3,6,3,40,4,21,0,23,87,0.034737218
180,1,6,1,6,6,30,4,21,1,5,92,0.019279837
3,6,3,2,6,2,47,3,21,0,24,52,0.080766173
51,2,5,2,6,1,41,6,21,0,18,98,0.048705778
9,2,6,1,6,6,35,7,21,1,2,83,0.056334144
0,7,5,2,6,6,45,4,21,1,5,56,0.064474264
0,2,4,2,6,4,34,6,21,1,5,58,0.022064861
71,2,5,7,2,2,55,3,21,0,7,96,0.069203891
290,1,5,3,6,2,37,4,21,0,26,70,0.043799766
45,3,5,2,4,4,61,7,21,1,0,97,0.070577385
0,3,4,5,4,1,62,2,21,0,14,91,0.081999718
26,1,5,2,6,6,54,6,21,1,3,95,0.076422025
87,3,2,3,6,1,33,6,21,0,21,78,0.099434234
0,0,2,3,6,1,50,6,21,0,30,68,0.09490267
630,0,3,4,7,2,37,3,21,0,12,73,0.074907924
50,5,5,3,6,3,44,3,21,1,3,83,0.015640118
35,7,4,3,4,3,78,3,21,0,16,74,0.02855161
180,7,6,2,4,6,56,3,21,0,3,57,0.01319402
32,0,2,3,4,2,29,6,21,0,26,76,0.046147966
0,7,3,2,5,4,52,6,21,0,15,79,0.018960572
51,1,6,4,5,1,31,3,21,0,2,97,0.040155457
40,0,6,3,6,6,34,7,21,1,0,54,0.068533586
0,2,5,3,6,5,31,7,21,1,2,68,0.023903094
0,7,4,3,5,2,43,6,21,0,23,82,0.074030274
0,1,4,4,3,5,31,3,21,1,5,67,0.019426506
1,6,6,1,6,6,63,7,21,1,0,72,0.084756218
7,2,2,3,7,4,38,4,21,0,26,53,0.033309637
0,2,6,2,6,6,31,5,21,1,5,68,0.099690531
71,2,2,1,7,0,64,3,21,0,26,66,0.098432109
75,2,3,2,5,5,55,7,21,0,28,82,0.062399294
55,1,2,2,6,0,41,3,21,0,25,72,0.02094913
290,4,3,4,5,5,38,4,21,1,4,61,0.022223735
88,4,6,3,6,5,28,6,21,1,1,86,0.037462216
0,7,4,3,5,5,42,5,21,1,0,66,0.09132487
16,7,2,4,3,1,43,4,21,0,8,50,0.05694754
75,1,5,1,6,5,37,4,21,1,3,77,0.039613993
220,1,4,2,6,3,47,5,21,0,22,50,0.03118675
3,5,5,1,6,5,52,7,21,1,4,90,0.029990851
130,0,5,2,6,5,32,4,21,1,0,53,0.097805883
0,5,4,4,3,2,29,3,21,0,11,87,0.099354376
110,2,6,2,5,4,56,3,21,1,5,64,0.050973133
12,7,4,3,5,5,63,7,21,1,4,54,0.07152658
180,3,3,3,6,1,35,5,21,0,21,91,0.086080522
93,7,4,3,5,3,36,4,21,1,5,53,0.022890995
170,7,4,2,7,0,75,5,21,0,17,93,0.074224507
31,5,3,3,6,1,48,6,21,0,18,69,0.090208196
62,4,7,2,6,6,36,5,21,1,3,71,0.031952878
30,4,4,3,6,2,34,6,21,0,21,91,0.046442623
66,7,4,3,7,1,35,5,21,0,21,74,0.083137224
3,3,5,2,5,6,50,4,21,1,3,63,0.032773629
18,3,5,2,5,6,39,7,21,1,5,99,0.079754134
350,5,5,4,6,5,70,7,21,1,0,70,0.035953122
71,7,4,2,5,6,76,3,21,1,3,96,0.010115742
3500,5,5,2,5,5,35,6,21,1,4,55,0.04346309
0,0,3,4,3,3,53,7,21,1,2,72,0.088290849
360,6,5,2,6,4,46,6,21,1,2,87,0.028590237
81,2,5,2,5,4,34,4,21,1,3,86,0.041448351
350,5,4,4,6,5,69,4,21,0,10,70,0.097109723
190,1,5,2,5,1,32,3,21,0,23,95,0.099189978
0,7,5,1,6,6,50,2,21,1,3,96,0.068439227
290,1,5,3,6,6,35,6,21,1,3,56,0.018845297
18,0,6,1,6,6,67,5,21,1,0,91,0.016101828
11,3,5,5,6,5,47,3,21,0,12,72,0.018910952
2,2,6,3,5,4,50,6,21,1,3,70,0.044547215
570,0,6,2,6,4,32,3,21,1,0,78,0.077338986
310,3,5,4,6,2,58,5,21,0,5,83,0.099342
1,7,3,2,7,0,49,7,21,0,25,96,0.066156787
0,2,6,3,6,1,43,4,21,1,2,78,0.016648513
35,1,5,2,6,5,24,6,21,1,5,87,0.058810041
22,7,5,3,4,2,58,7,21,0,19,75,0.040641671
2,1,2,2,5,0,43,4,21,0,18,81,0.053584813
0,7,4,3,6,5,59,3,21,1,5,82,0.086728977
0,3,6,1,6,6,40,5,21,1,2,60,0.057647671
310,0,5,2,7,0,35,4,21,0,30,64,0.015701223
470,5,2,3,5,1,48,4,21,0,24,93,0.04641761
0,4,6,1,6,6,40,3,21,1,3,82,0.022347131
270,3,3,2,7,0,48,3,21,0,26,89,0.026034948
110,0,2,4,6,0,47,7,21,0,9,60,0.068457738
50,3,6,4,1,1,23,3,21,0,2,75,0.060808616
0,0,6,1,6,6,38,3,21,1,4,69,0.060173197
3,7,6,2,6,6,81,7,21,1,3,77,0.03303645
31,5,3,3,6,1,48,6,21,0,25,97,0.074757646
22,7,5,6,2,4,52,3,21,0,5,91,0.037320045
83,2,4,1,6,3,24,6,21,1,1,65,0.064733981
9,0,4,2,6,1,21,5,21,0,21,60,0.0513025
5,7,5,2,6,5,70,6,21,1,1,62,0.015160859
0,7,7,1,7,6,24,6,21,1,0,89,0.045691977
0,7,4,3,5,1,57,7,21,0,15,79,0.029739161
0,6,3,5,6,4,37,6,21,0,7,68,0.099025813
27,1,3,5,3,5,25,5,21,0,11,81,0.047983389
110,1,6,5,1,1,33,3,21,0,5,52,0.02174902
0,7,4,6,3,0,45,3,22,0,5,83,0.076643845
0,3,5,2,7,5,42,6,22,0,20,89,0.047700496
350,3,3,3,6,2,47,6,22,0,15,79,0.093952602
0,7,6,1,6,6,51,7,22,1,3,51,0.054511962
5,7,5,4,6,5,85,2,22,0,5,86,0.026904552
15,4,3,3,6,2,32,7,22,0,27,58,0.063767058
35,7,3,3,6,2,31,7,22,0,17,72,0.040526531
0,2,4,3,6,2,23,6,22,0,26,71,0.086121082
75,3,3,3,6,0,42,6,22,0,29,81,0.0611876
0,5,6,2,5,5,55,6,22,1,2,51,0.064931664
16,7,6,2,6,6,45,6,22,1,0,74,0.096695911
0,1,6,2,5,6,35,7,22,1,0,79,0.016677359
0,0,2,4,6,0,45,6,22,0,14,97,0.020678982
0,0,3,3,5,2,42,3,22,0,24,61,0.068206143
4,1,6,2,6,5,37,4,22,1,3,61,0.02294239
62,0,4,4,4,5,38,3,22,1,2,64,0.070927743
0,3,2,2,6,1,47,7,22,0,30,90,0.020521033
4,7,4,2,6,2,32,6,22,0,23,78,0.046313738
56,2,5,2,6,5,35,6,22,1,1,64,0.071186085
2,6,4,2,6,5,38,4,22,1,4,63,0.094606147
0,0,4,4,4,3,40,3,22,0,8,66,0.052880479
75,7,6,2,5,6,62,6,22,1,5,70,0.096028412
10,2,2,2,6,1,28,7,22,0,20,95,0.046083912
0,6,6,2,5,6,59,5,22,1,1,57,0.032989104
0,2,1,2,6,0,25,6,22,0,16,81,0.030624176
220,2,4,2,6,6,31,6,22,1,2,98,0.055647783
0,1,7,2,6,6,45,4,22,1,0,60,0.061720411
75,0,5,2,7,5,42,6,22,0,30,96,0.036862457
0,3,2,2,5,1,56,7,22,0,21,69,0.069368607
140,5,3,3,6,1,47,7,22,0,30,72,0.058933992
290,1,6,2,5,5,38,6,22,1,3,85,0.019141904
350,7,4,3,7,2,47,6,22,0,23,96,0.030162118
55,1,5,2,6,6,49,4,22,1,3,97,0.052966834
31,3,3,3,6,2,29,7,22,0,16,81,0.099865129
17,7,2,2,6,0,57,6,22,0,27,82,0.062072541
51,4,6,3,5,6,68,3,22,1,4,90,0.019522609
140,7,2,2,4,0,76,6,22,0,29,59,0.043994228
9,4,6,2,6,5,66,6,22,1,0,90,0.022885371
0,7,5,1,6,4,59,4,22,1,0,95,0.022352155
640,7,5,3,6,4,37,7,22,0,20,65,0.051901294
32,2,5,2,6,6,38,6,22,1,1,97,0.070290632
5,7,6,2,6,5,47,7,22,1,2,81,0.024261214
8,1,5,2,4,5,36,7,22,1,0,73,0.033005787
18,0,5,4,6,0,45,7,22,0,7,57,0.049378089
0,6,5,2,6,5,39,7,22,1,4,78,0.07366589
0,1,3,2,6,1,34,6,22,0,30,68,0.065443789
0,3,6,6,4,0,49,4,22,0,0,65,0.038716407
31,2,6,2,6,5,36,6,22,1,5,97,0.081150893
350,7,6,1,6,6,81,5,22,1,5,69,0.029245706
20,1,5,2,6,4,29,4,22,1,5,60,0.043444855
70,3,5,3,4,0,45,6,22,0,23,82,0.058707967
31,3,5,2,6,5,21,4,22,1,1,55,0.027418598
3,7,2,4,3,6,33,6,22,1,4,81,0.078075984
9,7,4,4,2,2,44,3,23,0,6,84,0.093423163
59,1,2,2,6,4,52,7,23,0,30,83,0.058568347
27,2,3,5,7,1,38,4,23,0,14,75,0.08456901
51,4,2,3,6,2,44,5,23,0,16,96,0.015418174
9,7,6,2,6,6,87,7,23,1,1,94,0.035487567
0,2,7,2,6,5,22,3,23,1,5,71,0.083869571
88,0,3,3,5,2,32,6,23,1,1,84,0.071541859
67,0,4,5,6,4,69,3,23,0,8,51,0.018300852
29,2,6,2,5,6,49,6,23,1,3,97,0.033569775
5,0,6,2,6,6,53,3,23,1,1,93,0.012476895
0,0,6,1,6,5,44,6,23,1,0,79,0.059854899
900,1,6,2,7,5,34,6,23,1,5,76,0.04025586
18,1,6,1,5,5,55,7,23,1,0,71,0.072263036
190,2,3,3,6,0,35,6,23,0,19,84,0.039673308
2,7,4,5,5,3,55,3,23,0,9,70,0.034776983
5,3,6,3,5,5,27,6,23,1,1,100,0.037800358
56,3,4,4,5,1,26,6,23,0,9,100,0.044579799
75,7,4,2,6,5,54,6,23,0,29,79,0.027999216
56,0,5,2,6,5,42,4,23,1,2,82,0.016875682
0,5,6,1,6,6,57,7,23,1,1,58,0.05373064
0,0,7,1,4,6,54,6,23,1,5,53,0.055478294
75,6,6,3,6,6,55,6,23,1,4,51,0.050313488
1600,7,5,3,6,6,50,7,23,1,2,57,0.051277495
15,0,5,5,6,1,57,7,23,0,7,88,0.042475801
19,3,5,3,7,3,46,4,23,0,29,57,0.04931457
16,7,6,2,6,6,53,6,23,1,3,73,0.054932797
42,2,3,3,5,0,32,7,23,0,27,62,0.019371242
18,5,5,2,5,3,53,5,23,1,3,78,0.026005545
0,3,3,3,6,1,39,6,23,0,18,72,0.045382334
310,1,5,2,5,4,47,6,23,1,0,92,0.08000591
1600,7,5,2,4,2,57,4,23,0,17,83,0.090344166
23,5,6,3,6,6,49,6,23,1,1,50,0.096432868
20,1,5,4,6,5,31,5,23,0,9,97,0.071441037
51,5,5,3,5,5,43,6,23,1,4,76,0.012277213
0,2,5,2,5,4,44,6,23,1,0,56,0.09079283
0,4,4,3,6,0,39,6,23,0,21,50,0.039439328
0,2,6,1,6,5,49,4,23,1,1,81,0.061252752
18,7,5,4,6,4,72,6,23,1,0,66,0.033537853
7300,7,5,2,6,5,50,6,23,1,4,84,0.086054999
110,1,5,2,6,6,28,4,23,1,4,71,0.043309988
0,0,5,2,7,3,48,7,23,1,1,99,0.088943118
3500,1,3,4,7,1,32,6,23,0,9,57,0.016782937
720,7,5,5,5,1,63,4,23,0,10,64,0.089053995
9,4,4,5,6,5,36,4,23,1,0,100,0.069597978
47,7,6,3,6,6,36,6,23,1,5,79,0.065498322
350,7,3,2,7,2,53,3,23,0,22,89,0.03821101
0,5,2,2,6,2,44,7,23,0,17,82,0.079003743
0,0,4,2,6,6,41,7,24,1,1,51,0.057090702
83,0,2,3,6,1,56,7,24,0,16,71,0.041971304
1,4,4,4,6,2,63,7,24,0,10,69,0.0394088
190,7,2,4,6,0,52,6,24,0,15,59,0.046796136
0,7,3,3,7,2,43,7,24,0,16,76,0.037993168
12,7,4,3,6,2,40,3,24,0,27,78,0.098994861
9,5,5,1,7,4,69,4,24,1,1,78,0.092567116
23,7,2,2,6,0,49,7,24,0,28,81,0.032816263
9,1,3,3,6,2,65,7,24,0,16,73,0.012608836
18,5,6,1,6,5,53,7,24,1,3,54,0.075687281
0,5,5,3,5,6,50,4,24,1,0,65,0.098191609
12,3,2,4,6,0,27,5,24,0,7,79,0.088423482
0,6,5,3,5,5,44,6,24,1,2,79,0.04937293
170,2,2,3,5,0,54,7,24,0,30,54,0.079026677
0,7,4,2,6,4,33,5,24,1,0,78,0.055237526
9,0,4,4,6,3,48,7,24,0,12,82,0.025294895
23,3,5,2,6,5,54,5,24,1,2,94,0.053937927
0,0,6,2,5,6,56,3,24,1,5,54,0.035523404
9,1,2,4,7,2,34,7,24,0,7,58,0.075256279
290,7,6,4,7,6,41,6,24,0,2,72,0.083537196
1,0,5,1,5,6,40,6,24,1,4,74,0.041187388
350,1,7,2,6,6,55,6,24,1,5,70,0.078533245
20,0,4,3,5,5,38,6,24,1,0,53,0.011396593
0,3,6,2,6,6,40,6,24,1,1,86,0.083002713
23,1,6,1,6,6,46,4,24,1,1,51,0.062882703
150,4,3,3,4,0,26,6,24,0,23,76,0.055833939
31,0,5,2,7,3,49,6,24,0,16,72,0.070262703
0,7,4,1,5,6,51,5,24,1,0,62,0.056089799
9,2,5,2,6,4,46,6,24,0,24,56,0.054001881
47,0,3,4,6,2,40,7,24,0,12,59,0.072726398
900,0,3,4,7,2,30,5,24,0,9,61,0.039119987
83,3,2,3,6,2,45,5,24,0,17,87,0.022867109
18,7,5,4,6,4,52,7,24,1,3,85,0.011060168
0,0,6,1,5,6,36,6,24,1,5,82,0.019029032
20,0,4,3,5,3,49,6,24,0,19,69,0.012377969
24,7,3,4,5,1,38,7,24,0,5,67,0.010971674
18,0,2,4,6,1,51,7,24,0,12,65,0.069856153
9,3,3,2,5,1,47,6,24,0,29,66,0.042824014
0,1,6,1,5,6,52,7,24,1,0,88,0.067368546
9,0,6,2,6,6,33,6,24,1,0,98,0.061514911
0,4,4,2,6,6,50,4,24,1,1,78,0.042707209
18,7,6,2,5,4,48,7,24,1,1,63,0.06254896
19,3,2,2,6,0,36,6,24,0,24,72,0.095436131
31,3,2,3,6,1,35,7,24,0,19,75,0.079970692
3500,7,7,3,5,4,34,7,24,0,3,76,0.056059263
0,7,2,4,5,2,53,6,24,0,10,82,0.078258044
33,0,4,3,6,2,33,7,24,0,23,68,0.069718169
0,1,6,3,6,6,52,6,24,1,5,62,0.08041955
18,3,4,3,6,4,44,7,24,0,15,65,0.089462261
0,0,3,4,4,0,48,6,24,0,11,83,0.070929358
31,3,5,2,6,5,20,4,24,1,2,53,0.060108073
0,5,3,2,4,6,45,6,24,1,4,67,0.038279375
59,7,4,2,6,2,70,3,24,0,16,67,0.032941963
0,0,3,3,4,2,39,3,24,0,19,62,0.055149886
7300,7,3,3,5,1,40,7,24,1,4,79,0.039168042
75,4,5,2,7,5,62,6,24,1,0,82,0.03616875
0,7,5,2,6,4,46,6,24,1,4,76,0.034810457
27,7,4,4,7,2,46,3,24,0,9,72,0.022412215
1600,7,4,2,5,6,56,7,24,1,0,100,0.042852163
0,7,6,3,6,6,55,7,24,1,0,78,0.014678505
0,7,6,2,6,6,41,4,24,1,3,69,0.064173907
7300,1,2,3,6,0,43,7,24,0,19,76,0.03180946
16,7,7,1,7,6,34,3,24,1,3,65,0.057939721
0,7,7,1,6,4,73,6,24,1,1,91,0.016632014
0,7,5,2,6,6,50,6,24,1,3,62,0.072263938
0,3,6,2,7,5,43,6,24,1,0,53,0.023664282
0,6,6,2,5,6,46,7,24,1,1,82,0.02738611
18,7,4,2,6,3,61,7,24,1,0,54,0.077110565
